row 0, address = 0, 0
row 1, address = 12, 99
row 2, address = 24, 198
row 3, address = 36, 297
row 4, address = 48, 396
row 5, address = 60, 495
row 6, address = 72, 594
row 7, address = 84, 693
row 8, address = 96, 792
row 9, address = 108, 891
row 10, address = 120, 990
row 11, address = 132, 89
row 12, address = 144, 188
row 13, address = 156, 287
row 14, address = 168, 386
row 15, address = 180, 485
row 16, address = 192, 584
row 17, address = 204, 683
row 18, address = 216, 782
row 19, address = 228, 881
row 20, address = 240, 980
row 21, address = 252, 79
row 22, address = 264, 178
row 23, address = 276, 277
row 24, address = 288, 376
row 25, address = 300, 475
row 26, address = 312, 574
row 27, address = 324, 673
row 28, address = 336, 772
row 29, address = 348, 871
row 30, address = 360, 970
row 31, address = 372, 69
row 32, address = 384, 168
row 33, address = 396, 267
row 34, address = 408, 366
row 35, address = 420, 465
row 36, address = 432, 564
row 37, address = 444, 663
row 38, address = 456, 762
row 39, address = 468, 861
row 40, address = 480, 960
row 41, address = 492, 59
row 42, address = 504, 158
row 43, address = 516, 257
row 44, address = 528, 356
row 45, address = 540, 455
row 46, address = 552, 554
row 47, address = 564, 653
row 48, address = 576, 752
row 49, address = 588, 851
row 50, address = 600, 950
row 51, address = 612, 49
row 52, address = 624, 148
row 53, address = 636, 247
row 54, address = 648, 346
row 55, address = 660, 445
row 56, address = 672, 544
row 57, address = 684, 643
row 58, address = 696, 742
row 59, address = 708, 841
row 60, address = 720, 940
row 61, address = 732, 39
row 62, address = 744, 138
row 63, address = 756, 237
row 64, address = 768, 336
row 65, address = 780, 435
row 66, address = 792, 534
row 67, address = 804, 633
row 68, address = 816, 732
row 69, address = 828, 831
row 70, address = 840, 930
row 71, address = 852, 29
row 72, address = 864, 128
row 73, address = 876, 227
row 74, address = 888, 326
row 75, address = 900, 425
row 76, address = 912, 524
row 77, address = 924, 623
row 78, address = 936, 722
row 79, address = 948, 821
row 80, address = 960, 920
row 81, address = 972, 19
row 82, address = 984, 118
row 83, address = 996, 217
row 84, address = 1008, 316
row 85, address = 1020, 415
row 86, address = 1032, 514
row 87, address = 1044, 613
row 88, address = 1056, 712
row 89, address = 1068, 811
row 90, address = 1080, 910
row 91, address = 1092, 9
row 92, address = 1104, 108
row 93, address = 1116, 207
row 94, address = 1128, 306
row 95, address = 1140, 405
row 96, address = 1152, 504
row 97, address = 1164, 603
row 98, address = 1176, 702
row 99, address = 1188, 801
row 100, address = 1200, 900
row 101, address = 1212, 999
row 102, address = 1224, 98
row 103, address = 1236, 197
row 104, address = 1248, 296
row 105, address = 1260, 395
row 106, address = 1272, 494
row 107, address = 1284, 593
row 108, address = 1296, 692
row 109, address = 1308, 791
row 110, address = 1320, 890
row 111, address = 1332, 989
row 112, address = 1344, 88
row 113, address = 1356, 187
row 114, address = 1368, 286
row 115, address = 1380, 385
row 116, address = 1392, 484
row 117, address = 1404, 583
row 118, address = 1416, 682
row 119, address = 1428, 781
row 120, address = 1440, 880
row 121, address = 1452, 979
row 122, address = 1464, 78
row 123, address = 1476, 177
row 124, address = 1488, 276
row 125, address = 1500, 375
row 126, address = 1512, 474
row 127, address = 1524, 573
row 128, address = 1536, 672
row 129, address = 1548, 771
row 130, address = 1560, 870
row 131, address = 1572, 969
row 132, address = 1584, 68
row 133, address = 1596, 167
row 134, address = 1608, 266
row 135, address = 1620, 365
row 136, address = 1632, 464
row 137, address = 1644, 563
row 138, address = 1656, 662
row 139, address = 1668, 761
row 140, address = 1680, 860
row 141, address = 1692, 959
row 142, address = 1704, 58
row 143, address = 1716, 157
row 144, address = 1728, 256
row 145, address = 1740, 355
row 146, address = 1752, 454
row 147, address = 1764, 553
row 148, address = 1776, 652
row 149, address = 1788, 751
row 150, address = 1800, 850
row 151, address = 1812, 949
row 152, address = 1824, 48
row 153, address = 1836, 147
row 154, address = 1848, 246
row 155, address = 1860, 345
row 156, address = 1872, 444
row 157, address = 1884, 543
row 158, address = 1896, 642
row 159, address = 1908, 741
row 160, address = 1920, 840
row 161, address = 1932, 939
row 162, address = 1944, 38
row 163, address = 1956, 137
row 164, address = 1968, 236
row 165, address = 1980, 335
row 166, address = 1992, 434
row 167, address = 2004, 533
row 168, address = 2016, 632
row 169, address = 2028, 731
row 170, address = 2040, 830
row 171, address = 2052, 929
row 172, address = 2064, 28
row 173, address = 2076, 127
row 174, address = 2088, 226
row 175, address = 2100, 325
row 176, address = 2112, 424
row 177, address = 2124, 523
row 178, address = 2136, 622
row 179, address = 2148, 721
row 180, address = 2160, 820
row 181, address = 2172, 919
row 182, address = 2184, 18
row 183, address = 2196, 117
row 184, address = 2208, 216
row 185, address = 2220, 315
row 186, address = 2232, 414
row 187, address = 2244, 513
row 188, address = 2256, 612
row 189, address = 2268, 711
row 190, address = 2280, 810
row 191, address = 2292, 909
row 192, address = 2304, 8
row 193, address = 2316, 107
row 194, address = 2328, 206
row 195, address = 2340, 305
row 196, address = 2352, 404
row 197, address = 2364, 503
row 198, address = 2376, 602
row 199, address = 2388, 701
row 200, address = 2400, 800
row 201, address = 2412, 899
row 202, address = 2424, 998
row 203, address = 2436, 97
row 204, address = 2448, 196
row 205, address = 2460, 295
row 206, address = 2472, 394
row 207, address = 2484, 493
row 208, address = 2496, 592
row 209, address = 2508, 691
row 210, address = 2520, 790
row 211, address = 2532, 889
row 212, address = 2544, 988
row 213, address = 2556, 87
row 214, address = 2568, 186
row 215, address = 2580, 285
row 216, address = 2592, 384
row 217, address = 2604, 483
row 218, address = 2616, 582
row 219, address = 2628, 681
row 220, address = 2640, 780
row 221, address = 2652, 879
row 222, address = 2664, 978
row 223, address = 2676, 77
row 224, address = 2688, 176
row 225, address = 2700, 275
row 226, address = 2712, 374
row 227, address = 2724, 473
row 228, address = 2736, 572
row 229, address = 2748, 671
row 230, address = 2760, 770
row 231, address = 2772, 869
row 232, address = 2784, 968
row 233, address = 2796, 67
row 234, address = 2808, 166
row 235, address = 2820, 265
row 236, address = 2832, 364
row 237, address = 2844, 463
row 238, address = 2856, 562
row 239, address = 2868, 661
row 240, address = 2880, 760
row 241, address = 2892, 859
row 242, address = 2904, 958
row 243, address = 2916, 57
row 244, address = 2928, 156
row 245, address = 2940, 255
row 246, address = 2952, 354
row 247, address = 2964, 453
row 248, address = 2976, 552
row 249, address = 2988, 651
row 250, address = 3000, 750
row 251, address = 3012, 849
row 252, address = 3024, 948
row 253, address = 3036, 47
row 254, address = 3048, 146
row 255, address = 3060, 245
row 256, address = 3072, 344
row 257, address = 3084, 443
row 258, address = 3096, 542
row 259, address = 3108, 641
row 260, address = 3120, 740
row 261, address = 3132, 839
row 262, address = 3144, 938
row 263, address = 3156, 37
row 264, address = 3168, 136
row 265, address = 3180, 235
row 266, address = 3192, 334
row 267, address = 3204, 433
row 268, address = 3216, 532
row 269, address = 3228, 631
row 270, address = 3240, 730
row 271, address = 3252, 829
row 272, address = 3264, 928
row 273, address = 3276, 27
row 274, address = 3288, 126
row 275, address = 3300, 225
row 276, address = 3312, 324
row 277, address = 3324, 423
row 278, address = 3336, 522
row 279, address = 3348, 621
row 280, address = 3360, 720
row 281, address = 3372, 819
row 282, address = 3384, 918
row 283, address = 3396, 17
row 284, address = 3408, 116
row 285, address = 3420, 215
row 286, address = 3432, 314
row 287, address = 3444, 413
row 288, address = 3456, 512
row 289, address = 3468, 611
row 290, address = 3480, 710
row 291, address = 3492, 809
row 292, address = 3504, 908
row 293, address = 3516, 7
row 294, address = 3528, 106
row 295, address = 3540, 205
row 296, address = 3552, 304
row 297, address = 3564, 403
row 298, address = 3576, 502
row 299, address = 3588, 601
row 300, address = 3600, 700
row 301, address = 3612, 799
row 302, address = 3624, 898
row 303, address = 3636, 997
row 304, address = 3648, 96
row 305, address = 3660, 195
row 306, address = 3672, 294
row 307, address = 3684, 393
row 308, address = 3696, 492
row 309, address = 3708, 591
row 310, address = 3720, 690
row 311, address = 3732, 789
row 312, address = 3744, 888
row 313, address = 3756, 987
row 314, address = 3768, 86
row 315, address = 3780, 185
row 316, address = 3792, 284
row 317, address = 3804, 383
row 318, address = 3816, 482
row 319, address = 3828, 581
row 320, address = 3840, 680
row 321, address = 3852, 779
row 322, address = 3864, 878
row 323, address = 3876, 977
row 324, address = 3888, 76
row 325, address = 3900, 175
row 326, address = 3912, 274
row 327, address = 3924, 373
row 328, address = 3936, 472
row 329, address = 3948, 571
row 330, address = 3960, 670
row 331, address = 3972, 769
row 332, address = 3984, 868
row 333, address = 3996, 967
row 334, address = 4008, 66
row 335, address = 4020, 165
row 336, address = 4032, 264
row 337, address = 4044, 363
row 338, address = 4056, 462
row 339, address = 4068, 561
row 340, address = 4080, 660
row 341, address = 4092, 759
row 342, address = 4104, 858
row 343, address = 4116, 957
row 344, address = 4128, 56
row 345, address = 4140, 155
row 346, address = 4152, 254
row 347, address = 4164, 353
row 348, address = 4176, 452
row 349, address = 4188, 551
row 350, address = 4200, 650
row 351, address = 4212, 749
row 352, address = 4224, 848
row 353, address = 4236, 947
row 354, address = 4248, 46
row 355, address = 4260, 145
row 356, address = 4272, 244
row 357, address = 4284, 343
row 358, address = 4296, 442
row 359, address = 4308, 541
row 360, address = 4320, 640
row 361, address = 4332, 739
row 362, address = 4344, 838
row 363, address = 4356, 937
row 364, address = 4368, 36
row 365, address = 4380, 135
row 366, address = 4392, 234
row 367, address = 4404, 333
row 368, address = 4416, 432
row 369, address = 4428, 531
row 370, address = 4440, 630
row 371, address = 4452, 729
row 372, address = 4464, 828
row 373, address = 4476, 927
row 374, address = 4488, 26
row 375, address = 4500, 125
row 376, address = 4512, 224
row 377, address = 4524, 323
row 378, address = 4536, 422
row 379, address = 4548, 521
row 380, address = 4560, 620
row 381, address = 4572, 719
row 382, address = 4584, 818
row 383, address = 4596, 917
row 384, address = 4608, 16
row 385, address = 4620, 115
row 386, address = 4632, 214
row 387, address = 4644, 313
row 388, address = 4656, 412
row 389, address = 4668, 511
row 390, address = 4680, 610
row 391, address = 4692, 709
row 392, address = 4704, 808
row 393, address = 4716, 907
row 394, address = 4728, 6
row 395, address = 4740, 105
row 396, address = 4752, 204
row 397, address = 4764, 303
row 398, address = 4776, 402
row 399, address = 4788, 501
row 400, address = 4800, 600
row 401, address = 4812, 699
row 402, address = 4824, 798
row 403, address = 4836, 897
row 404, address = 4848, 996
row 405, address = 4860, 95
row 406, address = 4872, 194
row 407, address = 4884, 293
row 408, address = 4896, 392
row 409, address = 4908, 491
row 410, address = 4920, 590
row 411, address = 4932, 689
row 412, address = 4944, 788
row 413, address = 4956, 887
row 414, address = 4968, 986
row 415, address = 4980, 85
row 416, address = 4992, 184
row 417, address = 5004, 283
row 418, address = 5016, 382
row 419, address = 5028, 481
row 420, address = 5040, 580
row 421, address = 5052, 679
row 422, address = 5064, 778
row 423, address = 5076, 877
row 424, address = 5088, 976
row 425, address = 5100, 75
row 426, address = 5112, 174
row 427, address = 5124, 273
row 428, address = 5136, 372
row 429, address = 5148, 471
row 430, address = 5160, 570
row 431, address = 5172, 669
row 432, address = 5184, 768
row 433, address = 5196, 867
row 434, address = 5208, 966
row 435, address = 5220, 65
row 436, address = 5232, 164
row 437, address = 5244, 263
row 438, address = 5256, 362
row 439, address = 5268, 461
row 440, address = 5280, 560
row 441, address = 5292, 659
row 442, address = 5304, 758
row 443, address = 5316, 857
row 444, address = 5328, 956
row 445, address = 5340, 55
row 446, address = 5352, 154
row 447, address = 5364, 253
row 448, address = 5376, 352
row 449, address = 5388, 451
row 450, address = 5400, 550
row 451, address = 5412, 649
row 452, address = 5424, 748
row 453, address = 5436, 847
row 454, address = 5448, 946
row 455, address = 5460, 45
row 456, address = 5472, 144
row 457, address = 5484, 243
row 458, address = 5496, 342
row 459, address = 5508, 441
row 460, address = 5520, 540
row 461, address = 5532, 639
row 462, address = 5544, 738
row 463, address = 5556, 837
row 464, address = 5568, 936
row 465, address = 5580, 35
row 466, address = 5592, 134
row 467, address = 5604, 233
row 468, address = 5616, 332
row 469, address = 5628, 431
row 470, address = 5640, 530
row 471, address = 5652, 629
row 472, address = 5664, 728
row 473, address = 5676, 827
row 474, address = 5688, 926
row 475, address = 5700, 25
row 476, address = 5712, 124
row 477, address = 5724, 223
row 478, address = 5736, 322
row 479, address = 5748, 421
row 480, address = 5760, 520
row 481, address = 5772, 619
row 482, address = 5784, 718
row 483, address = 5796, 817
row 484, address = 5808, 916
row 485, address = 5820, 15
row 486, address = 5832, 114
row 487, address = 5844, 213
row 488, address = 5856, 312
row 489, address = 5868, 411
row 490, address = 5880, 510
row 491, address = 5892, 609
row 492, address = 5904, 708
row 493, address = 5916, 807
row 494, address = 5928, 906
row 495, address = 5940, 5
row 496, address = 5952, 104
row 497, address = 5964, 203
row 498, address = 5976, 302
row 499, address = 5988, 401
row 500, address = 6000, 500
row 501, address = 6012, 599
row 502, address = 6024, 698
row 503, address = 6036, 797
row 504, address = 6048, 896
row 505, address = 6060, 995
row 506, address = 6072, 94
row 507, address = 6084, 193
row 508, address = 6096, 292
row 509, address = 6108, 391
row 510, address = 6120, 490
row 511, address = 6132, 589
row 512, address = 6144, 688
row 513, address = 6156, 787
row 514, address = 6168, 886
row 515, address = 6180, 985
row 516, address = 6192, 84
row 517, address = 6204, 183
row 518, address = 6216, 282
row 519, address = 6228, 381
row 520, address = 6240, 480
row 521, address = 6252, 579
row 522, address = 6264, 678
row 523, address = 6276, 777
row 524, address = 6288, 876
row 525, address = 6300, 975
row 526, address = 6312, 74
row 527, address = 6324, 173
row 528, address = 6336, 272
row 529, address = 6348, 371
row 530, address = 6360, 470
row 531, address = 6372, 569
row 532, address = 6384, 668
row 533, address = 6396, 767
row 534, address = 6408, 866
row 535, address = 6420, 965
row 536, address = 6432, 64
row 537, address = 6444, 163
row 538, address = 6456, 262
row 539, address = 6468, 361
row 540, address = 6480, 460
row 541, address = 6492, 559
row 542, address = 6504, 658
row 543, address = 6516, 757
row 544, address = 6528, 856
row 545, address = 6540, 955
row 546, address = 6552, 54
row 547, address = 6564, 153
row 548, address = 6576, 252
row 549, address = 6588, 351
row 550, address = 6600, 450
row 551, address = 6612, 549
row 552, address = 6624, 648
row 553, address = 6636, 747
row 554, address = 6648, 846
row 555, address = 6660, 945
row 556, address = 6672, 44
row 557, address = 6684, 143
row 558, address = 6696, 242
row 559, address = 6708, 341
row 560, address = 6720, 440
row 561, address = 6732, 539
row 562, address = 6744, 638
row 563, address = 6756, 737
row 564, address = 6768, 836
row 565, address = 6780, 935
row 566, address = 6792, 34
row 567, address = 6804, 133
row 568, address = 6816, 232
row 569, address = 6828, 331
row 570, address = 6840, 430
row 571, address = 6852, 529
row 572, address = 6864, 628
row 573, address = 6876, 727
row 574, address = 6888, 826
row 575, address = 6900, 925
row 576, address = 6912, 24
row 577, address = 6924, 123
row 578, address = 6936, 222
row 579, address = 6948, 321
row 580, address = 6960, 420
row 581, address = 6972, 519
row 582, address = 6984, 618
row 583, address = 6996, 717
row 584, address = 7008, 816
row 585, address = 7020, 915
row 586, address = 7032, 14
row 587, address = 7044, 113
row 588, address = 7056, 212
row 589, address = 7068, 311
row 590, address = 7080, 410
row 591, address = 7092, 509
row 592, address = 7104, 608
row 593, address = 7116, 707
row 594, address = 7128, 806
row 595, address = 7140, 905
row 596, address = 7152, 4
row 597, address = 7164, 103
row 598, address = 7176, 202
row 599, address = 7188, 301
row 600, address = 7200, 400
row 601, address = 7212, 499
row 602, address = 7224, 598
row 603, address = 7236, 697
row 604, address = 7248, 796
row 605, address = 7260, 895
row 606, address = 7272, 994
row 607, address = 7284, 93
row 608, address = 7296, 192
row 609, address = 7308, 291
row 610, address = 7320, 390
row 611, address = 7332, 489
row 612, address = 7344, 588
row 613, address = 7356, 687
row 614, address = 7368, 786
row 615, address = 7380, 885
row 616, address = 7392, 984
row 617, address = 7404, 83
row 618, address = 7416, 182
row 619, address = 7428, 281
row 620, address = 7440, 380
row 621, address = 7452, 479
row 622, address = 7464, 578
row 623, address = 7476, 677
row 624, address = 7488, 776
row 625, address = 7500, 875
row 626, address = 7512, 974
row 627, address = 7524, 73
row 628, address = 7536, 172
row 629, address = 7548, 271
row 630, address = 7560, 370
row 631, address = 7572, 469
row 632, address = 7584, 568
row 633, address = 7596, 667
row 634, address = 7608, 766
row 635, address = 7620, 865
row 636, address = 7632, 964
row 637, address = 7644, 63
row 638, address = 7656, 162
row 639, address = 7668, 261
row 640, address = 7680, 360
row 641, address = 7692, 459
row 642, address = 7704, 558
row 643, address = 7716, 657
row 644, address = 7728, 756
row 645, address = 7740, 855
row 646, address = 7752, 954
row 647, address = 7764, 53
row 648, address = 7776, 152
row 649, address = 7788, 251
row 650, address = 7800, 350
row 651, address = 7812, 449
row 652, address = 7824, 548
row 653, address = 7836, 647
row 654, address = 7848, 746
row 655, address = 7860, 845
row 656, address = 7872, 944
row 657, address = 7884, 43
row 658, address = 7896, 142
row 659, address = 7908, 241
row 660, address = 7920, 340
row 661, address = 7932, 439
row 662, address = 7944, 538
row 663, address = 7956, 637
row 664, address = 7968, 736
row 665, address = 7980, 835
row 666, address = 7992, 934
row 667, address = 8004, 33
row 668, address = 8016, 132
row 669, address = 8028, 231
row 670, address = 8040, 330
row 671, address = 8052, 429
row 672, address = 8064, 528
row 673, address = 8076, 627
row 674, address = 8088, 726
row 675, address = 8100, 825
row 676, address = 8112, 924
row 677, address = 8124, 23
row 678, address = 8136, 122
row 679, address = 8148, 221
row 680, address = 8160, 320
row 681, address = 8172, 419
row 682, address = 8184, 518
row 683, address = 8196, 617
row 684, address = 8208, 716
row 685, address = 8220, 815
row 686, address = 8232, 914
row 687, address = 8244, 13
row 688, address = 8256, 112
row 689, address = 8268, 211
row 690, address = 8280, 310
row 691, address = 8292, 409
row 692, address = 8304, 508
row 693, address = 8316, 607
row 694, address = 8328, 706
row 695, address = 8340, 805
row 696, address = 8352, 904
row 697, address = 8364, 3
row 698, address = 8376, 102
row 699, address = 8388, 201
row 700, address = 8400, 300
row 701, address = 8412, 399
row 702, address = 8424, 498
row 703, address = 8436, 597
row 704, address = 8448, 696
row 705, address = 8460, 795
row 706, address = 8472, 894
row 707, address = 8484, 993
row 708, address = 8496, 92
row 709, address = 8508, 191
row 710, address = 8520, 290
row 711, address = 8532, 389
row 712, address = 8544, 488
row 713, address = 8556, 587
row 714, address = 8568, 686
row 715, address = 8580, 785
row 716, address = 8592, 884
row 717, address = 8604, 983
row 718, address = 8616, 82
row 719, address = 8628, 181
row 720, address = 8640, 280
row 721, address = 8652, 379
row 722, address = 8664, 478
row 723, address = 8676, 577
row 724, address = 8688, 676
row 725, address = 8700, 775
row 726, address = 8712, 874
row 727, address = 8724, 973
row 728, address = 8736, 72
row 729, address = 8748, 171
row 730, address = 8760, 270
row 731, address = 8772, 369
row 732, address = 8784, 468
row 733, address = 8796, 567
row 734, address = 8808, 666
row 735, address = 8820, 765
row 736, address = 8832, 864
row 737, address = 8844, 963
row 738, address = 8856, 62
row 739, address = 8868, 161
row 740, address = 8880, 260
row 741, address = 8892, 359
row 742, address = 8904, 458
row 743, address = 8916, 557
row 744, address = 8928, 656
row 745, address = 8940, 755
row 746, address = 8952, 854
row 747, address = 8964, 953
row 748, address = 8976, 52
row 749, address = 8988, 151
row 750, address = 9000, 250
row 751, address = 9012, 349
row 752, address = 9024, 448
row 753, address = 9036, 547
row 754, address = 9048, 646
row 755, address = 9060, 745
row 756, address = 9072, 844
row 757, address = 9084, 943
row 758, address = 9096, 42
row 759, address = 9108, 141
row 760, address = 9120, 240
row 761, address = 9132, 339
row 762, address = 9144, 438
row 763, address = 9156, 537
row 764, address = 9168, 636
row 765, address = 9180, 735
row 766, address = 9192, 834
row 767, address = 9204, 933
row 768, address = 9216, 32
row 769, address = 9228, 131
row 770, address = 9240, 230
row 771, address = 9252, 329
row 772, address = 9264, 428
row 773, address = 9276, 527
row 774, address = 9288, 626
row 775, address = 9300, 725
row 776, address = 9312, 824
row 777, address = 9324, 923
row 778, address = 9336, 22
row 779, address = 9348, 121
row 780, address = 9360, 220
row 781, address = 9372, 319
row 782, address = 9384, 418
row 783, address = 9396, 517
row 784, address = 9408, 616
row 785, address = 9420, 715
row 786, address = 9432, 814
row 787, address = 9444, 913
row 788, address = 9456, 12
row 789, address = 9468, 111
row 790, address = 9480, 210
row 791, address = 9492, 309
row 792, address = 9504, 408
row 793, address = 9516, 507
row 794, address = 9528, 606
row 795, address = 9540, 705
row 796, address = 9552, 804
row 797, address = 9564, 903
row 798, address = 9576, 2
row 799, address = 9588, 101
row 800, address = 9600, 200
row 801, address = 9612, 299
row 802, address = 9624, 398
row 803, address = 9636, 497
row 804, address = 9648, 596
row 805, address = 9660, 695
row 806, address = 9672, 794
row 807, address = 9684, 893
row 808, address = 9696, 992
row 809, address = 9708, 91
row 810, address = 9720, 190
row 811, address = 9732, 289
row 812, address = 9744, 388
row 813, address = 9756, 487
row 814, address = 9768, 586
row 815, address = 9780, 685
row 816, address = 9792, 784
row 817, address = 9804, 883
row 818, address = 9816, 982
row 819, address = 9828, 81
row 820, address = 9840, 180
row 821, address = 9852, 279
row 822, address = 9864, 378
row 823, address = 9876, 477
row 824, address = 9888, 576
row 825, address = 9900, 675
row 826, address = 9912, 774
row 827, address = 9924, 873
row 828, address = 9936, 972
row 829, address = 9948, 71
row 830, address = 9960, 170
row 831, address = 9972, 269
row 832, address = 9984, 368
row 833, address = 9996, 467
row 834, address = 10008, 566
row 835, address = 10020, 665
row 836, address = 10032, 764
row 837, address = 10044, 863
row 838, address = 10056, 962
row 839, address = 10068, 61
row 840, address = 10080, 160
row 841, address = 10092, 259
row 842, address = 10104, 358
row 843, address = 10116, 457
row 844, address = 10128, 556
row 845, address = 10140, 655
row 846, address = 10152, 754
row 847, address = 10164, 853
row 848, address = 10176, 952
row 849, address = 10188, 51
row 850, address = 10200, 150
row 851, address = 10212, 249
row 852, address = 10224, 348
row 853, address = 10236, 447
row 854, address = 10248, 546
row 855, address = 10260, 645
row 856, address = 10272, 744
row 857, address = 10284, 843
row 858, address = 10296, 942
row 859, address = 10308, 41
row 860, address = 10320, 140
row 861, address = 10332, 239
row 862, address = 10344, 338
row 863, address = 10356, 437
row 864, address = 10368, 536
row 865, address = 10380, 635
row 866, address = 10392, 734
row 867, address = 10404, 833
row 868, address = 10416, 932
row 869, address = 10428, 31
row 870, address = 10440, 130
row 871, address = 10452, 229
row 872, address = 10464, 328
row 873, address = 10476, 427
row 874, address = 10488, 526
row 875, address = 10500, 625
row 876, address = 10512, 724
row 877, address = 10524, 823
row 878, address = 10536, 922
row 879, address = 10548, 21
row 880, address = 10560, 120
row 881, address = 10572, 219
row 882, address = 10584, 318
row 883, address = 10596, 417
row 884, address = 10608, 516
row 885, address = 10620, 615
row 886, address = 10632, 714
row 887, address = 10644, 813
row 888, address = 10656, 912
row 889, address = 10668, 11
row 890, address = 10680, 110
row 891, address = 10692, 209
row 892, address = 10704, 308
row 893, address = 10716, 407
row 894, address = 10728, 506
row 895, address = 10740, 605
row 896, address = 10752, 704
row 897, address = 10764, 803
row 898, address = 10776, 902
row 899, address = 10788, 1
row 900, address = 10800, 100
row 901, address = 10812, 199
row 902, address = 10824, 298
row 903, address = 10836, 397
row 904, address = 10848, 496
row 905, address = 10860, 595
row 906, address = 10872, 694
row 907, address = 10884, 793
row 908, address = 10896, 892
row 909, address = 10908, 991
row 910, address = 10920, 90
row 911, address = 10932, 189
row 912, address = 10944, 288
row 913, address = 10956, 387
row 914, address = 10968, 486
row 915, address = 10980, 585
row 916, address = 10992, 684
row 917, address = 11004, 783
row 918, address = 11016, 882
row 919, address = 11028, 981
row 920, address = 11040, 80
row 921, address = 11052, 179
row 922, address = 11064, 278
row 923, address = 11076, 377
row 924, address = 11088, 476
row 925, address = 11100, 575
row 926, address = 11112, 674
row 927, address = 11124, 773
row 928, address = 11136, 872
row 929, address = 11148, 971
row 930, address = 11160, 70
row 931, address = 11172, 169
row 932, address = 11184, 268
row 933, address = 11196, 367
row 934, address = 11208, 466
row 935, address = 11220, 565
row 936, address = 11232, 664
row 937, address = 11244, 763
row 938, address = 11256, 862
row 939, address = 11268, 961
row 940, address = 11280, 60
row 941, address = 11292, 159
row 942, address = 11304, 258
row 943, address = 11316, 357
row 944, address = 11328, 456
row 945, address = 11340, 555
row 946, address = 11352, 654
row 947, address = 11364, 753
row 948, address = 11376, 852
row 949, address = 11388, 951
row 950, address = 11400, 50
row 951, address = 11412, 149
row 952, address = 11424, 248
row 953, address = 11436, 347
row 954, address = 11448, 446
row 955, address = 11460, 545
row 956, address = 11472, 644
row 957, address = 11484, 743
row 958, address = 11496, 842
row 959, address = 11508, 941
row 960, address = 11520, 40
row 961, address = 11532, 139
row 962, address = 11544, 238
row 963, address = 11556, 337
row 964, address = 11568, 436
row 965, address = 11580, 535
row 966, address = 11592, 634
row 967, address = 11604, 733
row 968, address = 11616, 832
row 969, address = 11628, 931
row 970, address = 11640, 30
row 971, address = 11652, 129
row 972, address = 11664, 228
row 973, address = 11676, 327
row 974, address = 11688, 426
row 975, address = 11700, 525
row 976, address = 11712, 624
row 977, address = 11724, 723
row 978, address = 11736, 822
row 979, address = 11748, 921
row 980, address = 11760, 20
row 981, address = 11772, 119
row 982, address = 11784, 218
row 983, address = 11796, 317
row 984, address = 11808, 416
row 985, address = 11820, 515
row 986, address = 11832, 614
row 987, address = 11844, 713
row 988, address = 11856, 812
row 989, address = 11868, 911
row 990, address = 11880, 10
row 991, address = 11892, 109
row 992, address = 11904, 208
row 993, address = 11916, 307
row 994, address = 11928, 406
row 995, address = 11940, 505
row 996, address = 11952, 604
row 997, address = 11964, 703
row 998, address = 11976, 802
row 999, address = 11988, 901
row 1000, address = 12000, 0
row 1001, address = 12012, 99
row 1002, address = 12024, 198
row 1003, address = 12036, 297
row 1004, address = 12048, 396
row 1005, address = 12060, 495
row 1006, address = 12072, 594
row 1007, address = 12084, 693
row 1008, address = 12096, 792
row 1009, address = 12108, 891
row 1010, address = 12120, 990
row 1011, address = 12132, 89
row 1012, address = 12144, 188
row 1013, address = 12156, 287
row 1014, address = 12168, 386
row 1015, address = 12180, 485
row 1016, address = 12192, 584
row 1017, address = 12204, 683
row 1018, address = 12216, 782
row 1019, address = 12228, 881
row 1020, address = 12240, 980
row 1021, address = 12252, 79
row 1022, address = 12264, 178
row 1023, address = 12276, 277
